EC,right
CDL,BLACK,400.0,300.0,20,0.08,0.00045,0.05
DL,150.0,300.0,-10,0.08,0.00045,0.05
SL,50
AR,1,50.0,anticlockwise
CRA,1,70,clockwise,0,0,0,179,255,30,300,400,400,200,800,600
EC,left
DCL,650.0,400.0,290,0.002,0.0005,0.001,0,0,0,179,255,30,100,400,400,200,800,600
SL,50
CDCL,BLUE,800.0,350.0,300,0.002,0.0005,0.001,0,0,0,179,255,30,100,500,400,100,800,600
SL,50
CDL,BLACK,300.0,300.0,20,0.082,0.00045,0.06
SL,50
EC,right
DL,300.0,300.0,-5,0.082,0.00045,0.06
SL,200
CDL,BLUE,4000.0,300.0,-5,0.06,0.00045,0.07
SL,50
CDL,BLACK,300.0,300.0,10,0.08,0.00045,0.05
SL,50
AR,1,30.0,anticlockwise 
EC,left
SL,50
DL,400.0,300.0,-5,0.08,0.00045,0.05
SL,50
CDL,BLUE,3000.0,250.0,-5,0.082,0.00045,0.07
CDL,BLACK,500.0,300.0,10,0.082,0.00045,0.07
EC,left
SS,11
SS,11
SS,11
SS,11
SS,11
DCL,300.0,400.0,600,0.002,0.0005,0.001,0,0,0,179,255,30,0,0,500,600,800,600